DateTime,EndDateTime,DeviceId,Aggregation,AppName,AppPublisher
"8/9/2022 12:00:00 AM +00:00","8/9/2022 11:59:59 PM +00:00",,Daily,office.com,Microsoft Corporation
"8/5/2022 12:00:00 AM +00:00","8/5/2022 11:59:59 PM +00:00",,Daily,OneDrive,Microsoft Corporation
"8/4/2022 12:00:00 AM +00:00","8/4/2022 11:59:59 PM +00:00",,Daily,OneDrive,Microsoft Corporation
"7/30/2022 12:00:00 AM +00:00","7/30/2022 11:59:59 PM +00:00",,Daily,OneDrive,Microsoft Corporation
"7/28/2022 12:00:00 AM +00:00","7/28/2022 11:59:59 PM +00:00",,Daily,OneDrive,Microsoft Corporation
"7/15/2022 12:00:00 AM +00:00","7/15/2022 11:59:59 PM +00:00",,Daily,OneDrive,Microsoft Corporation
"7/9/2022 12:00:00 AM +00:00","7/9/2022 11:59:59 PM +00:00",,Daily,OneDrive,Microsoft Corporation
"7/7/2022 12:00:00 AM +00:00","7/7/2022 11:59:59 PM +00:00",,Daily,Skype,Microsoft Corporation
"7/7/2022 12:00:00 AM +00:00","7/7/2022 11:59:59 PM +00:00",,Daily,Microsoft OneNote,Microsoft Corporation
"7/7/2022 12:00:00 AM +00:00","7/7/2022 11:59:59 PM +00:00",,Daily,Office Shared Components,Microsoft Corporation
"7/7/2022 12:00:00 AM +00:00","7/7/2022 11:59:59 PM +00:00",,Daily,Microsoft Outlook,Microsoft Corporation
"7/7/2022 12:00:00 AM +00:00","7/7/2022 11:59:59 PM +00:00",,Daily,Bing,Microsoft Corporation
"7/7/2022 12:00:00 AM +00:00","7/7/2022 11:59:59 PM +00:00",,Daily,Microsoft Excel,Microsoft Corporation
"7/7/2022 12:00:00 AM +00:00","7/7/2022 11:59:59 PM +00:00",,Daily,OneDrive,Microsoft Corporation
"7/7/2022 12:00:00 AM +00:00","7/7/2022 11:59:59 PM +00:00",,Daily,www.microsoft.com,Microsoft Corporation
"7/7/2022 12:00:00 AM +00:00","7/7/2022 11:59:59 PM +00:00",,Daily,account.microsoft.com,Microsoft Corporation
"7/7/2022 12:00:00 AM +00:00","7/7/2022 11:59:59 PM +00:00",,Daily,support.microsoft.com,Microsoft Corporation
"7/7/2022 12:00:00 AM +00:00","7/7/2022 11:59:59 PM +00:00",,Daily,office.com,Microsoft Corporation
"7/1/2022 12:00:00 AM +00:00","7/1/2022 11:59:59 PM +00:00",,Daily,OneDrive,Microsoft Corporation
"6/30/2022 12:00:00 AM +00:00","6/30/2022 11:59:59 PM +00:00",,Daily,OneDrive,Microsoft Corporation
"6/25/2022 12:00:00 AM +00:00","6/25/2022 11:59:59 PM +00:00",,Daily,Office Shared Components,Microsoft Corporation
"6/25/2022 12:00:00 AM +00:00","6/25/2022 11:59:59 PM +00:00",,Daily,Microsoft Outlook,Microsoft Corporation
"6/25/2022 12:00:00 AM +00:00","6/25/2022 11:59:59 PM +00:00",,Daily,Microsoft Word,Microsoft Corporation
"6/25/2022 12:00:00 AM +00:00","6/25/2022 11:59:59 PM +00:00",,Daily,Bing,Microsoft Corporation
"6/25/2022 12:00:00 AM +00:00","6/25/2022 11:59:59 PM +00:00",,Daily,OneDrive,Microsoft Corporation
"6/25/2022 12:00:00 AM +00:00","6/25/2022 11:59:59 PM +00:00",,Daily,www.microsoft.com,Microsoft Corporation
"6/25/2022 12:00:00 AM +00:00","6/25/2022 11:59:59 PM +00:00",,Daily,account.microsoft.com,Microsoft Corporation
"6/25/2022 12:00:00 AM +00:00","6/25/2022 11:59:59 PM +00:00",,Daily,3rdpartysource.microsoft.com,Microsoft Corporation
"6/25/2022 12:00:00 AM +00:00","6/25/2022 11:59:59 PM +00:00",,Daily,support.microsoft.com,Microsoft Corporation
"6/25/2022 12:00:00 AM +00:00","6/25/2022 11:59:59 PM +00:00",,Daily,onedrive.live.com,Microsoft Corporation
"6/25/2022 12:00:00 AM +00:00","6/25/2022 11:59:59 PM +00:00",,Daily,office.com,Microsoft Corporation
"4/28/2022 12:00:00 AM +00:00","4/28/2022 11:59:59 PM +00:00",,Daily,OneDrive,Microsoft Corporation
"4/2/2022 12:00:00 AM +00:00","4/2/2022 11:59:59 PM +00:00",,Daily,OneDrive,Microsoft Corporation
"3/28/2022 12:00:00 AM +00:00","3/28/2022 11:59:59 PM +00:00",,Daily,Microsoft Excel,Microsoft Corporation
"3/28/2022 12:00:00 AM +00:00","3/28/2022 11:59:59 PM +00:00",,Daily,OneDrive,Microsoft Corporation
"3/28/2022 12:00:00 AM +00:00","3/28/2022 11:59:59 PM +00:00",,Daily,support.microsoft.com,Microsoft Corporation
"3/28/2022 12:00:00 AM +00:00","3/28/2022 11:59:59 PM +00:00",,Daily,docs.microsoft.com,Microsoft Corporation
"3/28/2022 12:00:00 AM +00:00","3/28/2022 11:59:59 PM +00:00",,Daily,www.microsoft.com,Microsoft Corporation
"3/28/2022 12:00:00 AM +00:00","3/28/2022 11:59:59 PM +00:00",,Daily,account.microsoft.com,Microsoft Corporation
"3/28/2022 12:00:00 AM +00:00","3/28/2022 11:59:59 PM +00:00",,Daily,Microsoft Teams,Microsoft Corporation
"3/27/2022 12:00:00 AM +00:00","3/27/2022 11:59:59 PM +00:00",,Daily,Microsoft Word,Microsoft Corporation
"3/27/2022 12:00:00 AM +00:00","3/27/2022 11:59:59 PM +00:00",,Daily,Microsoft Excel,Microsoft Corporation
"3/27/2022 12:00:00 AM +00:00","3/27/2022 11:59:59 PM +00:00",,Daily,Microsoft Office,Microsoft Corporation
"3/27/2022 12:00:00 AM +00:00","3/27/2022 11:59:59 PM +00:00",,Daily,OneDrive,Microsoft Corporation
"3/27/2022 12:00:00 AM +00:00","3/27/2022 11:59:59 PM +00:00",,Daily,www.microsoft.com,Microsoft Corporation
"3/27/2022 12:00:00 AM +00:00","3/27/2022 11:59:59 PM +00:00",,Daily,3rdpartysource.microsoft.com,Microsoft Corporation
"3/27/2022 12:00:00 AM +00:00","3/27/2022 11:59:59 PM +00:00",,Daily,support.microsoft.com,Microsoft Corporation
"3/27/2022 12:00:00 AM +00:00","3/27/2022 11:59:59 PM +00:00",,Daily,docs.microsoft.com,Microsoft Corporation
"12/12/2021 12:00:00 AM +00:00","12/12/2021 11:59:59 PM +00:00",,Daily,Office Shared Components,Microsoft Corporation
"12/12/2021 12:00:00 AM +00:00","12/12/2021 11:59:59 PM +00:00",,Daily,Microsoft Outlook,Microsoft Corporation
"12/12/2021 12:00:00 AM +00:00","12/12/2021 11:59:59 PM +00:00",,Daily,Bing,Microsoft Corporation
"12/12/2021 12:00:00 AM +00:00","12/12/2021 11:59:59 PM +00:00",,Daily,OneDrive,Microsoft Corporation
"12/12/2021 12:00:00 AM +00:00","12/12/2021 11:59:59 PM +00:00",,Daily,office.com,Microsoft Corporation
"12/12/2021 12:00:00 AM +00:00","12/12/2021 11:59:59 PM +00:00",,Daily,www.microsoft.com,Microsoft Corporation
"12/12/2021 12:00:00 AM +00:00","12/12/2021 11:59:59 PM +00:00",,Daily,account.microsoft.com,Microsoft Corporation
"11/24/2021 12:00:00 AM +00:00","11/24/2021 11:59:59 PM +00:00",,Daily,OneDrive,Microsoft Corporation
"11/24/2021 12:00:00 AM +00:00","11/24/2021 11:59:59 PM +00:00",,Daily,Office Shared Components,Microsoft Corporation
"11/24/2021 12:00:00 AM +00:00","11/24/2021 11:59:59 PM +00:00",,Daily,onedrive.live.com,Microsoft Corporation
"11/24/2021 12:00:00 AM +00:00","11/24/2021 11:59:59 PM +00:00",,Daily,account.microsoft.com,Microsoft Corporation
"11/24/2021 12:00:00 AM +00:00","11/24/2021 11:59:59 PM +00:00",,Daily,office.com,Microsoft Corporation
"11/24/2021 12:00:00 AM +00:00","11/24/2021 11:59:59 PM +00:00",,Daily,Bing,Microsoft Corporation
"11/20/2021 12:00:00 AM +00:00","11/20/2021 11:59:59 PM +00:00",,Daily,OneDrive,Microsoft Corporation
"10/19/2021 12:00:00 AM +00:00","10/19/2021 11:59:59 PM +00:00",,Daily,OneDrive,Microsoft Corporation
